<?xml version='1.0' encoding='UTF-8' standalone='no'?>

<!-- This model was downloaded from BioModels Database -->
<!-- Thu Nov 15 19:49:26 GMT 2012                      -->
<!-- http://www.ebi.ac.uk/biomodels/                   -->

<sbml xmlns="http://www.sbml.org/sbml/level2" level="2" metaid="metaid_0000001" version="1">
  <model id="Pritchard2002_glycolysis" name="Pritchard2002_glycolysis" metaid="metaid_0000002">
    <notes>
      <body xmlns="http://www.w3.org/1999/xhtml">
        <p>from:      <br/>
                <b>Schemes of fluc control in a model of        <em>Saccharomyces cerevisiae</em>
            glycolysis        </b>
                </p>
            <p>      <b>Pritchard, L and Kell, DB</b>
                <em>Eur. J. Biochem.</em>
          269(2002), 3894-3904.      <br/>
          It represents a modified version of      <b>Teusink et al.</b>
                <em>Eur. J. Biochem.</em>
          267(2000), 5313-5329.      <br/>
          The model is a translation from the GEPASI file encoded by Leighton Pritchard.      <br/>
          This version uses the Vmaxes found by the best fit (R1) of Table 1 of the 
	Pritchard and Kell paper and simulates a decrease of external glucose  concentration from 100 to 2 mM.      <br/>
          To reproduce the values in table 2 of the publication, set      <em>GLCo</em>
          to 50 mM and compute the steady state.      </p>
            <br/>
            <p>To the extent possible under law, all copyright and related or neighbouring rights to this encoded model have been dedicated to the public domain worldwide. Please refer to      <a href="http://creativecommons.org/publicdomain/zero/1.0/" title="Creative Commons CC0">CC0 Public Domain Dedication</a>
          for more information.      </p>
            <p>In summary, you are entitled to use this encoded model in absolutely any manner you deem suitable, verbatim, or with modification, alone or embedded it in a larger context, redistribute it, commercially or not, in a restricted way or not.</p>
            <br/>
            <p>To cite BioModels Database, please use:      <a href="http://www.ncbi.nlm.nih.gov/pubmed/20587024" class="external">Li C, Donizelli M, Rodriguez N, Dharuri H, Endler L, Chelliah V, Li L, He E, Henry A, Stefan MI, Snoep JL, Hucka M, Le Novère N, Laibe C (2010) BioModels Database: An enhanced, curated and annotated resource for published quantitative kinetic models. BMC Syst Biol., 4:92.</a>
                </p>
            </body>
      
    </notes>
    <annotation>
      <rdf:RDF xmlns:rdf="http://www.w3.org/1999/02/22-rdf-syntax-ns#" xmlns:bqmodel="http://biomodels.net/model-qualifiers/" xmlns:vCard="http://www.w3.org/2001/vcard-rdf/3.0#" xmlns:dcterms="http://purl.org/dc/terms/" xmlns:dc="http://purl.org/dc/elements/1.1/" xmlns:bqbiol="http://biomodels.net/biology-qualifiers/">
        <rdf:Description rdf:about="#metaid_0000002">
          <dc:creator>
            <rdf:Bag>
              <rdf:li rdf:parseType="Resource">
                <vCard:N rdf:parseType="Resource">
                  <vCard:Family>Endler</vCard:Family>
                  <vCard:Given>Lukas</vCard:Given>
                </vCard:N>
                <vCard:EMAIL>lukas@ebi.ac.uk</vCard:EMAIL>
                <vCard:ORG rdf:parseType="Resource">
                  <vCard:Orgname>EMBL-EBI</vCard:Orgname>
                </vCard:ORG>
              </rdf:li>
              <rdf:li rdf:parseType="Resource">
                <vCard:N rdf:parseType="Resource">
                  <vCard:Family>Mendes</vCard:Family>
                  <vCard:Given>Pedro</vCard:Given>
                </vCard:N>
                <vCard:EMAIL>mendes@vbi.vt.edu</vCard:EMAIL>
                <vCard:ORG rdf:parseType="Resource">
                  <vCard:Orgname>Virginia Bioinformatics Institute</vCard:Orgname>
                </vCard:ORG>
              </rdf:li>
            </rdf:Bag>
          </dc:creator>
          <dcterms:created rdf:parseType="Resource">
            <dcterms:W3CDTF>2006-09-14T10:35:04Z</dcterms:W3CDTF>
          </dcterms:created>
          <dcterms:modified rdf:parseType="Resource">
            <dcterms:W3CDTF>2012-07-11T17:43:56Z</dcterms:W3CDTF>
          </dcterms:modified>
          <bqmodel:is>
            <rdf:Bag>
              <rdf:li rdf:resource="urn:miriam:biomodels.db:BIOMD0000000172"/>
            </rdf:Bag>
          </bqmodel:is>
          <bqmodel:is>
            <rdf:Bag>
              <rdf:li rdf:resource="urn:miriam:biomodels.db:MODEL8293171637"/>
            </rdf:Bag>
          </bqmodel:is>
          <bqmodel:isDescribedBy>
            <rdf:Bag>
              <rdf:li rdf:resource="urn:miriam:pubmed:12180966"/>
            </rdf:Bag>
          </bqmodel:isDescribedBy>
          <bqbiol:isVersionOf>
            <rdf:Bag>
              <rdf:li rdf:resource="urn:miriam:obo.go:GO%3A0006096"/>
            </rdf:Bag>
          </bqbiol:isVersionOf>
          <bqbiol:isPartOf>
            <rdf:Bag>
              <rdf:li rdf:resource="urn:miriam:kegg.pathway:sce00010"/>
            </rdf:Bag>
          </bqbiol:isPartOf>
          <bqbiol:occursIn>
            <rdf:Bag>
              <rdf:li rdf:resource="urn:miriam:taxonomy:4932"/>
            </rdf:Bag>
          </bqbiol:occursIn>
        </rdf:Description>
      </rdf:RDF>
    </annotation>
      <listOfUnitDefinitions>
      <unitDefinition id="substance" name="mmole" metaid="metaid_0000048">
        <listOfUnits>
          <unit scale="-3" metaid="_988917" kind="mole"/>
        </listOfUnits>
      </unitDefinition>
      <unitDefinition id="time" name="minute" metaid="metaid_0000049">
        <listOfUnits>
          <unit metaid="_988929" multiplier="60" kind="second"/>
        </listOfUnits>
      </unitDefinition>
    </listOfUnitDefinitions>
    <listOfCompartments>
      <compartment id="cell" name="cytosol" metaid="metaid_0000003" size="1">
        <annotation>
          <rdf:RDF xmlns:rdf="http://www.w3.org/1999/02/22-rdf-syntax-ns#" xmlns:bqmodel="http://biomodels.net/model-qualifiers/" xmlns:bqbiol="http://biomodels.net/biology-qualifiers/">
            <rdf:Description rdf:about="#metaid_0000003">
              <bqmodel:is>
                <rdf:Bag>
                  <rdf:li rdf:resource="urn:miriam:obo.go:GO%3A0005829"/>
                </rdf:Bag>
              </bqmodel:is>
            </rdf:Description>
          </rdf:RDF>
        </annotation>
      </compartment>
      <compartment id="ext" name="exterior" metaid="metaid_0010001" size="1">
        <annotation>
          <rdf:RDF xmlns:rdf="http://www.w3.org/1999/02/22-rdf-syntax-ns#" xmlns:bqmodel="http://biomodels.net/model-qualifiers/" xmlns:bqbiol="http://biomodels.net/biology-qualifiers/">
            <rdf:Description rdf:about="#metaid_0010001">
              <bqmodel:is>
                <rdf:Bag>
                  <rdf:li rdf:resource="urn:miriam:obo.go:GO%3A0005576"/>
                </rdf:Bag>
              </bqmodel:is>
            </rdf:Description>
          </rdf:RDF>
        </annotation>
      </compartment>
    </listOfCompartments>
    <listOfSpecies>
      <species id="GLCo" initialConcentration="2" name="Glc(ext)" metaid="metaid_0000004" boundaryCondition="true" compartment="ext">
        <annotation>
          <rdf:RDF xmlns:rdf="http://www.w3.org/1999/02/22-rdf-syntax-ns#" xmlns:bqmodel="http://biomodels.net/model-qualifiers/" xmlns:bqbiol="http://biomodels.net/biology-qualifiers/">
            <rdf:Description rdf:about="#metaid_0000004">
              <bqbiol:is>
                <rdf:Bag>
                  <rdf:li rdf:resource="urn:miriam:obo.chebi:CHEBI%3A4167"/>
                  <rdf:li rdf:resource="urn:miriam:kegg.compound:C00031"/>
                </rdf:Bag>
              </bqbiol:is>
            </rdf:Description>
          </rdf:RDF>
        </annotation>
      </species>
      <species id="GLCi" initialConcentration="0.097652231064563" name="Glc(int)" metaid="metaid_0000005" compartment="cell">
        <annotation>
          <rdf:RDF xmlns:rdf="http://www.w3.org/1999/02/22-rdf-syntax-ns#" xmlns:bqmodel="http://biomodels.net/model-qualifiers/" xmlns:bqbiol="http://biomodels.net/biology-qualifiers/">
            <rdf:Description rdf:about="#metaid_0000005">
              <bqbiol:is>
                <rdf:Bag>
                  <rdf:li rdf:resource="urn:miriam:obo.chebi:CHEBI%3A4167"/>
                  <rdf:li rdf:resource="urn:miriam:kegg.compound:C00031"/>
                </rdf:Bag>
              </bqbiol:is>
            </rdf:Description>
          </rdf:RDF>
        </annotation>
      </species>
      <species id="ATP" initialConcentration="2.52512746499271" name="ATP" metaid="metaid_0000006" compartment="cell">
        <annotation>
          <rdf:RDF xmlns:rdf="http://www.w3.org/1999/02/22-rdf-syntax-ns#" xmlns:bqmodel="http://biomodels.net/model-qualifiers/" xmlns:bqbiol="http://biomodels.net/biology-qualifiers/">
            <rdf:Description rdf:about="#metaid_0000006">
              <bqbiol:is>
                <rdf:Bag>
                  <rdf:li rdf:resource="urn:miriam:obo.chebi:CHEBI%3A15422"/>
                  <rdf:li rdf:resource="urn:miriam:kegg.compound:C00002"/>
                </rdf:Bag>
              </bqbiol:is>
            </rdf:Description>
          </rdf:RDF>
        </annotation>
      </species>
      <species id="G6P" initialConcentration="2.67504014044787" name="Glu6P" metaid="metaid_0000007" compartment="cell">
        <annotation>
          <rdf:RDF xmlns:rdf="http://www.w3.org/1999/02/22-rdf-syntax-ns#" xmlns:bqmodel="http://biomodels.net/model-qualifiers/" xmlns:bqbiol="http://biomodels.net/biology-qualifiers/">
            <rdf:Description rdf:about="#metaid_0000007">
              <bqbiol:is>
                <rdf:Bag>
                  <rdf:li rdf:resource="urn:miriam:obo.chebi:CHEBI%3A17665"/>
                  <rdf:li rdf:resource="urn:miriam:kegg.compound:C00668"/>
                </rdf:Bag>
              </bqbiol:is>
            </rdf:Description>
          </rdf:RDF>
        </annotation>
      </species>
      <species id="ADP" initialConcentration="1.28198768168719" name="ADP" metaid="metaid_0000008" compartment="cell">
        <annotation>
          <rdf:RDF xmlns:rdf="http://www.w3.org/1999/02/22-rdf-syntax-ns#" xmlns:bqmodel="http://biomodels.net/model-qualifiers/" xmlns:bqbiol="http://biomodels.net/biology-qualifiers/">
            <rdf:Description rdf:about="#metaid_0000008">
              <bqbiol:is>
                <rdf:Bag>
                  <rdf:li rdf:resource="urn:miriam:obo.chebi:CHEBI%3A16761"/>
                  <rdf:li rdf:resource="urn:miriam:kegg.compound:C00008"/>
                </rdf:Bag>
              </bqbiol:is>
            </rdf:Description>
          </rdf:RDF>
        </annotation>
      </species>
      <species id="F6P" initialConcentration="0.624976405532373" name="Fru6-P" metaid="metaid_0000009" compartment="cell">
        <annotation>
          <rdf:RDF xmlns:rdf="http://www.w3.org/1999/02/22-rdf-syntax-ns#" xmlns:bqmodel="http://biomodels.net/model-qualifiers/" xmlns:bqbiol="http://biomodels.net/biology-qualifiers/">
            <rdf:Description rdf:about="#metaid_0000009">
              <bqbiol:is>
                <rdf:Bag>
                  <rdf:li rdf:resource="urn:miriam:obo.chebi:CHEBI%3A16084"/>
                  <rdf:li rdf:resource="urn:miriam:kegg.compound:C05345"/>
                </rdf:Bag>
              </bqbiol:is>
            </rdf:Description>
          </rdf:RDF>
        </annotation>
      </species>
      <species id="F16bP" initialConcentration="6.22132076069411" name="Fru1,6-P2" metaid="metaid_0000010" compartment="cell">
        <annotation>
          <rdf:RDF xmlns:rdf="http://www.w3.org/1999/02/22-rdf-syntax-ns#" xmlns:bqmodel="http://biomodels.net/model-qualifiers/" xmlns:bqbiol="http://biomodels.net/biology-qualifiers/">
            <rdf:Description rdf:about="#metaid_0000010">
              <bqbiol:is>
                <rdf:Bag>
                  <rdf:li rdf:resource="urn:miriam:obo.chebi:CHEBI%3A28013"/>
                  <rdf:li rdf:resource="urn:miriam:kegg.compound:C05378"/>
                </rdf:Bag>
              </bqbiol:is>
            </rdf:Description>
          </rdf:RDF>
        </annotation>
      </species>
      <species id="AMP" initialConcentration="0.292884853320091" name="AMP" metaid="metaid_0000011" compartment="cell">
        <annotation>
          <rdf:RDF xmlns:rdf="http://www.w3.org/1999/02/22-rdf-syntax-ns#" xmlns:bqmodel="http://biomodels.net/model-qualifiers/" xmlns:bqbiol="http://biomodels.net/biology-qualifiers/">
            <rdf:Description rdf:about="#metaid_0000011">
              <bqbiol:is>
                <rdf:Bag>
                  <rdf:li rdf:resource="urn:miriam:obo.chebi:CHEBI%3A16027"/>
                  <rdf:li rdf:resource="urn:miriam:kegg.compound:C00020"/>
                </rdf:Bag>
              </bqbiol:is>
            </rdf:Description>
          </rdf:RDF>
        </annotation>
      </species>
      <species id="F26bP" initialConcentration="0.02" name="Fru2,6-P2" metaid="metaid_0000012" boundaryCondition="true" compartment="cell">
        <annotation>
          <rdf:RDF xmlns:rdf="http://www.w3.org/1999/02/22-rdf-syntax-ns#" xmlns:bqmodel="http://biomodels.net/model-qualifiers/" xmlns:bqbiol="http://biomodels.net/biology-qualifiers/">
            <rdf:Description rdf:about="#metaid_0000012">
              <bqbiol:is>
                <rdf:Bag>
                  <rdf:li rdf:resource="urn:miriam:obo.chebi:CHEBI%3A28602"/>
                  <rdf:li rdf:resource="urn:miriam:kegg.compound:C00665"/>
                </rdf:Bag>
              </bqbiol:is>
            </rdf:Description>
          </rdf:RDF>
        </annotation>
      </species>
      <species id="DHAP" initialConcentration="1.00415254899644" name="glycerone phosphate" metaid="metaid_0000013" compartment="cell">
        <annotation>
          <rdf:RDF xmlns:rdf="http://www.w3.org/1999/02/22-rdf-syntax-ns#" xmlns:bqmodel="http://biomodels.net/model-qualifiers/" xmlns:bqbiol="http://biomodels.net/biology-qualifiers/">
            <rdf:Description rdf:about="#metaid_0000013">
              <bqbiol:is>
                <rdf:Bag>
                  <rdf:li rdf:resource="urn:miriam:obo.chebi:CHEBI%3A16108"/>
                  <rdf:li rdf:resource="urn:miriam:kegg.compound:C00111"/>
                </rdf:Bag>
              </bqbiol:is>
            </rdf:Description>
          </rdf:RDF>
        </annotation>
      </species>
      <species id="GAP" initialConcentration="0.0451809175780963" name="Gra3P" metaid="metaid_0000014" compartment="cell">
        <annotation>
          <rdf:RDF xmlns:rdf="http://www.w3.org/1999/02/22-rdf-syntax-ns#" xmlns:bqmodel="http://biomodels.net/model-qualifiers/" xmlns:bqbiol="http://biomodels.net/biology-qualifiers/">
            <rdf:Description rdf:about="#metaid_0000014">
              <bqbiol:is>
                <rdf:Bag>
                  <rdf:li rdf:resource="urn:miriam:obo.chebi:CHEBI%3A29052"/>
                  <rdf:li rdf:resource="urn:miriam:kegg.compound:C00118"/>
                </rdf:Bag>
              </bqbiol:is>
            </rdf:Description>
          </rdf:RDF>
        </annotation>
      </species>
      <species id="NAD" initialConcentration="1.50329030201531" name="NAD" metaid="metaid_0000015" compartment="cell">
        <annotation>
          <rdf:RDF xmlns:rdf="http://www.w3.org/1999/02/22-rdf-syntax-ns#" xmlns:bqmodel="http://biomodels.net/model-qualifiers/" xmlns:bqbiol="http://biomodels.net/biology-qualifiers/">
            <rdf:Description rdf:about="#metaid_0000015">
              <bqbiol:is>
                <rdf:Bag>
                  <rdf:li rdf:resource="urn:miriam:obo.chebi:CHEBI%3A15846"/>
                  <rdf:li rdf:resource="urn:miriam:kegg.compound:C00003"/>
                </rdf:Bag>
              </bqbiol:is>
            </rdf:Description>
          </rdf:RDF>
        </annotation>
      </species>
      <species id="BPG" initialConcentration="0.000736873499865602" name="Gri2,3P2" metaid="metaid_0000016" compartment="cell">
        <annotation>
          <rdf:RDF xmlns:rdf="http://www.w3.org/1999/02/22-rdf-syntax-ns#" xmlns:bqmodel="http://biomodels.net/model-qualifiers/" xmlns:bqbiol="http://biomodels.net/biology-qualifiers/">
            <rdf:Description rdf:about="#metaid_0000016">
              <bqbiol:is>
                <rdf:Bag>
                  <rdf:li rdf:resource="urn:miriam:obo.chebi:CHEBI%3A16001"/>
                  <rdf:li rdf:resource="urn:miriam:kegg.compound:C00236"/>
                </rdf:Bag>
              </bqbiol:is>
            </rdf:Description>
          </rdf:RDF>
        </annotation>
      </species>
      <species id="NADH" initialConcentration="0.0867096979846952" name="NADH" metaid="metaid_0000017" compartment="cell">
        <annotation>
          <rdf:RDF xmlns:rdf="http://www.w3.org/1999/02/22-rdf-syntax-ns#" xmlns:bqmodel="http://biomodels.net/model-qualifiers/" xmlns:bqbiol="http://biomodels.net/biology-qualifiers/">
            <rdf:Description rdf:about="#metaid_0000017">
              <bqbiol:is>
                <rdf:Bag>
                  <rdf:li rdf:resource="urn:miriam:obo.chebi:CHEBI%3A16908"/>
                  <rdf:li rdf:resource="urn:miriam:kegg.compound:C00004"/>
                </rdf:Bag>
              </bqbiol:is>
            </rdf:Description>
          </rdf:RDF>
        </annotation>
      </species>
      <species id="P3G" initialConcentration="0.885688538360659" name="Gri3P" metaid="metaid_0000018" compartment="cell">
        <annotation>
          <rdf:RDF xmlns:rdf="http://www.w3.org/1999/02/22-rdf-syntax-ns#" xmlns:bqmodel="http://biomodels.net/model-qualifiers/" xmlns:bqbiol="http://biomodels.net/biology-qualifiers/">
            <rdf:Description rdf:about="#metaid_0000018">
              <bqbiol:is>
                <rdf:Bag>
                  <rdf:li rdf:resource="urn:miriam:obo.chebi:CHEBI%3A17794"/>
                  <rdf:li rdf:resource="urn:miriam:kegg.compound:C00197"/>
                </rdf:Bag>
              </bqbiol:is>
            </rdf:Description>
          </rdf:RDF>
        </annotation>
      </species>
      <species id="P2G" initialConcentration="0.127695817386632" name="Gri2P" metaid="metaid_0000019" compartment="cell">
        <annotation>
          <rdf:RDF xmlns:rdf="http://www.w3.org/1999/02/22-rdf-syntax-ns#" xmlns:bqmodel="http://biomodels.net/model-qualifiers/" xmlns:bqbiol="http://biomodels.net/biology-qualifiers/">
            <rdf:Description rdf:about="#metaid_0000019">
              <bqbiol:is>
                <rdf:Bag>
                  <rdf:li rdf:resource="urn:miriam:obo.chebi:CHEBI%3A17835"/>
                  <rdf:li rdf:resource="urn:miriam:kegg.compound:C00631"/>
                </rdf:Bag>
              </bqbiol:is>
            </rdf:Description>
          </rdf:RDF>
        </annotation>
      </species>
      <species id="PEP" initialConcentration="0.0632352144936527" name="phosphoenolpyruvate" metaid="metaid_0000020" compartment="cell">
        <annotation>
          <rdf:RDF xmlns:rdf="http://www.w3.org/1999/02/22-rdf-syntax-ns#" xmlns:bqmodel="http://biomodels.net/model-qualifiers/" xmlns:bqbiol="http://biomodels.net/biology-qualifiers/">
            <rdf:Description rdf:about="#metaid_0000020">
              <bqbiol:is>
                <rdf:Bag>
                  <rdf:li rdf:resource="urn:miriam:obo.chebi:CHEBI%3A18021"/>
                  <rdf:li rdf:resource="urn:miriam:kegg.compound:C00074"/>
                </rdf:Bag>
              </bqbiol:is>
            </rdf:Description>
          </rdf:RDF>
        </annotation>
      </species>
      <species id="PYR" initialConcentration="1.81531251192736" name="pyruvate" metaid="metaid_0000021" compartment="cell">
        <annotation>
          <rdf:RDF xmlns:rdf="http://www.w3.org/1999/02/22-rdf-syntax-ns#" xmlns:bqmodel="http://biomodels.net/model-qualifiers/" xmlns:bqbiol="http://biomodels.net/biology-qualifiers/">
            <rdf:Description rdf:about="#metaid_0000021">
              <bqbiol:is>
                <rdf:Bag>
                  <rdf:li rdf:resource="urn:miriam:obo.chebi:CHEBI%3A15361"/>
                  <rdf:li rdf:resource="urn:miriam:kegg.compound:C00022"/>
                </rdf:Bag>
              </bqbiol:is>
            </rdf:Description>
          </rdf:RDF>
        </annotation>
      </species>
      <species id="AcAld" initialConcentration="0.178140579850657" name="acetaldehyde" metaid="metaid_0000022" compartment="cell">
        <annotation>
          <rdf:RDF xmlns:rdf="http://www.w3.org/1999/02/22-rdf-syntax-ns#" xmlns:bqmodel="http://biomodels.net/model-qualifiers/" xmlns:bqbiol="http://biomodels.net/biology-qualifiers/">
            <rdf:Description rdf:about="#metaid_0000022">
              <bqbiol:is>
                <rdf:Bag>
                  <rdf:li rdf:resource="urn:miriam:obo.chebi:CHEBI%3A15343"/>
                  <rdf:li rdf:resource="urn:miriam:kegg.compound:C00084"/>
                </rdf:Bag>
              </bqbiol:is>
            </rdf:Description>
          </rdf:RDF>
        </annotation>
      </species>
      <species id="CO2" initialConcentration="1" name="CO2" metaid="metaid_0000023" boundaryCondition="true" compartment="cell">
        <annotation>
          <rdf:RDF xmlns:rdf="http://www.w3.org/1999/02/22-rdf-syntax-ns#" xmlns:bqmodel="http://biomodels.net/model-qualifiers/" xmlns:bqbiol="http://biomodels.net/biology-qualifiers/">
            <rdf:Description rdf:about="#metaid_0000023">
              <bqbiol:is>
                <rdf:Bag>
                  <rdf:li rdf:resource="urn:miriam:obo.chebi:CHEBI%3A16526"/>
                  <rdf:li rdf:resource="urn:miriam:kegg.compound:C00011"/>
                </rdf:Bag>
              </bqbiol:is>
            </rdf:Description>
          </rdf:RDF>
        </annotation>
      </species>
      <species id="EtOH" initialConcentration="50" name="ethanol" metaid="metaid_0000024" boundaryCondition="true" compartment="cell">
        <annotation>
          <rdf:RDF xmlns:rdf="http://www.w3.org/1999/02/22-rdf-syntax-ns#" xmlns:bqmodel="http://biomodels.net/model-qualifiers/" xmlns:bqbiol="http://biomodels.net/biology-qualifiers/">
            <rdf:Description rdf:about="#metaid_0000024">
              <bqbiol:is>
                <rdf:Bag>
                  <rdf:li rdf:resource="urn:miriam:obo.chebi:CHEBI%3A16236"/>
                  <rdf:li rdf:resource="urn:miriam:kegg.compound:C00469"/>
                </rdf:Bag>
              </bqbiol:is>
            </rdf:Description>
          </rdf:RDF>
        </annotation>
      </species>
      <species id="Glycerol" initialConcentration="0.15" name="glycerol" metaid="metaid_0000025" boundaryCondition="true" compartment="cell">
        <annotation>
          <rdf:RDF xmlns:rdf="http://www.w3.org/1999/02/22-rdf-syntax-ns#" xmlns:bqmodel="http://biomodels.net/model-qualifiers/" xmlns:bqbiol="http://biomodels.net/biology-qualifiers/">
            <rdf:Description rdf:about="#metaid_0000025">
              <bqbiol:is>
                <rdf:Bag>
                  <rdf:li rdf:resource="urn:miriam:obo.chebi:CHEBI%3A17754"/>
                  <rdf:li rdf:resource="urn:miriam:kegg.compound:C00116"/>
                </rdf:Bag>
              </bqbiol:is>
            </rdf:Description>
          </rdf:RDF>
        </annotation>
      </species>
      <species id="Glycogen" initialConcentration="0" name="glycogen" metaid="metaid_0000026" boundaryCondition="true" compartment="cell">
        <annotation>
          <rdf:RDF xmlns:rdf="http://www.w3.org/1999/02/22-rdf-syntax-ns#" xmlns:bqmodel="http://biomodels.net/model-qualifiers/" xmlns:bqbiol="http://biomodels.net/biology-qualifiers/">
            <rdf:Description rdf:about="#metaid_0000026">
              <bqbiol:is>
                <rdf:Bag>
                  <rdf:li rdf:resource="urn:miriam:obo.chebi:CHEBI%3A28087"/>
                  <rdf:li rdf:resource="urn:miriam:kegg.compound:C00182"/>
                </rdf:Bag>
              </bqbiol:is>
            </rdf:Description>
          </rdf:RDF>
        </annotation>
      </species>
      <species id="Trehalose" initialConcentration="0" name="trehalose" metaid="metaid_0000027" boundaryCondition="true" compartment="cell">
        <annotation>
          <rdf:RDF xmlns:rdf="http://www.w3.org/1999/02/22-rdf-syntax-ns#" xmlns:bqmodel="http://biomodels.net/model-qualifiers/" xmlns:bqbiol="http://biomodels.net/biology-qualifiers/">
            <rdf:Description rdf:about="#metaid_0000027">
              <bqbiol:is>
                <rdf:Bag>
                  <rdf:li rdf:resource="urn:miriam:obo.chebi:CHEBI%3A16551"/>
                  <rdf:li rdf:resource="urn:miriam:kegg.compound:C01083"/>
                </rdf:Bag>
              </bqbiol:is>
            </rdf:Description>
          </rdf:RDF>
        </annotation>
      </species>
      <species id="Succinate" initialConcentration="0" name="succinate" metaid="metaid_0000028" boundaryCondition="true" compartment="cell">
        <annotation>
          <rdf:RDF xmlns:rdf="http://www.w3.org/1999/02/22-rdf-syntax-ns#" xmlns:bqmodel="http://biomodels.net/model-qualifiers/" xmlns:bqbiol="http://biomodels.net/biology-qualifiers/">
            <rdf:Description rdf:about="#metaid_0000028">
              <bqbiol:is>
                <rdf:Bag>
                  <rdf:li rdf:resource="urn:miriam:obo.chebi:CHEBI%3A30031"/>
                  <rdf:li rdf:resource="urn:miriam:kegg.compound:C00042"/>
                </rdf:Bag>
              </bqbiol:is>
            </rdf:Description>
          </rdf:RDF>
        </annotation>
      </species>
    </listOfSpecies>
    <listOfReactions>
      <reaction id="HXT" name="glucose transport" metaid="metaid_0000029">
        <annotation>
          <rdf:RDF xmlns:rdf="http://www.w3.org/1999/02/22-rdf-syntax-ns#" xmlns:bqmodel="http://biomodels.net/model-qualifiers/" xmlns:bqbiol="http://biomodels.net/biology-qualifiers/">
            <rdf:Description rdf:about="#metaid_0000029">
              <bqbiol:isVersionOf>
                <rdf:Bag>
                  <rdf:li rdf:resource="urn:miriam:obo.go:GO%3A0015758"/>
                </rdf:Bag>
              </bqbiol:isVersionOf>
            </rdf:Description>
          </rdf:RDF>
        </annotation>
              <listOfReactants>
          <speciesReference species="GLCo" metaid="_988941"/>
        </listOfReactants>
        <listOfProducts>
          <speciesReference species="GLCi" metaid="_988953"/>
        </listOfProducts>
        <kineticLaw metaid="_988965">
          <math xmlns="http://www.w3.org/1998/Math/MathML">          
            <apply>
              <divide/>
              <apply>
                <divide/>
                <apply>
                  <times/>
                  <ci> Vmax_1 </ci>
                  <apply>
                    <minus/>
                    <ci> GLCo </ci>
                    <ci> GLCi </ci>
                  </apply>
                </apply>
                <ci> Kglc_1 </ci>
              </apply>
              <apply>
                <plus/>
                <cn type="integer"> 1 </cn>
                <apply>
                  <divide/>
                  <apply>
                    <plus/>
                    <ci> GLCo </ci>
                    <ci> GLCi </ci>
                  </apply>
                  <ci> Kglc_1 </ci>
                </apply>
                <apply>
                  <divide/>
                  <apply>
                    <times/>
                    <ci> Ki_1 </ci>
                    <ci> GLCo </ci>
                    <ci> GLCi </ci>
                  </apply>
                  <apply>
                    <power/>
                    <ci> Kglc_1 </ci>
                    <cn type="integer"> 2 </cn>
                  </apply>
                </apply>
              </apply>
            </apply>
          </math>
                  <listOfParameters>
            <parameter id="Vmax_1" metaid="_988977" value="97.24"/>
            <parameter id="Kglc_1" metaid="_988989" value="1.1918"/>
            <parameter id="Ki_1" metaid="_989001" value="0.91"/>
          </listOfParameters>
        </kineticLaw>
      </reaction>
      <reaction id="HK" name="hexokinase" metaid="metaid_0000030">
        <annotation>
          <rdf:RDF xmlns:rdf="http://www.w3.org/1999/02/22-rdf-syntax-ns#" xmlns:bqmodel="http://biomodels.net/model-qualifiers/" xmlns:bqbiol="http://biomodels.net/biology-qualifiers/">
            <rdf:Description rdf:about="#metaid_0000030">
              <bqbiol:is>
                <rdf:Bag>
                  <rdf:li rdf:resource="urn:miriam:kegg.reaction:R02848"/>
                </rdf:Bag>
              </bqbiol:is>
              <bqbiol:isVersionOf>
                <rdf:Bag>
                  <rdf:li rdf:resource="urn:miriam:ec-code:2.7.1.1"/>
                  <rdf:li rdf:resource="urn:miriam:obo.go:GO%3A0004396"/>
                </rdf:Bag>
              </bqbiol:isVersionOf>
            </rdf:Description>
          </rdf:RDF>
        </annotation>
              <listOfReactants>
          <speciesReference species="GLCi" metaid="_989013"/>
          <speciesReference species="ATP" metaid="_989025"/>
        </listOfReactants>
        <listOfProducts>
          <speciesReference species="G6P" metaid="_989037"/>
          <speciesReference species="ADP" metaid="_989049"/>
        </listOfProducts>
        <kineticLaw metaid="_989061">
          <math xmlns="http://www.w3.org/1998/Math/MathML">          
            <apply>
              <divide/>
              <apply>
                <times/>
                <ci> cell </ci>
                <ci> Vmax_2 </ci>
                <apply>
                  <minus/>
                  <apply>
                    <divide/>
                    <apply>
                      <times/>
                      <ci> GLCi </ci>
                      <ci> ATP </ci>
                    </apply>
                    <apply>
                      <times/>
                      <ci> Kglc_2 </ci>
                      <ci> Katp_2 </ci>
                    </apply>
                  </apply>
                  <apply>
                    <divide/>
                    <apply>
                      <times/>
                      <ci> G6P </ci>
                      <ci> ADP </ci>
                    </apply>
                    <apply>
                      <times/>
                      <ci> Kglc_2 </ci>
                      <ci> Katp_2 </ci>
                      <ci> Keq_2 </ci>
                    </apply>
                  </apply>
                </apply>
              </apply>
              <apply>
                <times/>
                <apply>
                  <plus/>
                  <cn type="integer"> 1 </cn>
                  <apply>
                    <divide/>
                    <ci> GLCi </ci>
                    <ci> Kglc_2 </ci>
                  </apply>
                  <apply>
                    <divide/>
                    <ci> G6P </ci>
                    <ci> Kg6p_2 </ci>
                  </apply>
                </apply>
                <apply>
                  <plus/>
                  <cn type="integer"> 1 </cn>
                  <apply>
                    <divide/>
                    <ci> ATP </ci>
                    <ci> Katp_2 </ci>
                  </apply>
                  <apply>
                    <divide/>
                    <ci> ADP </ci>
                    <ci> Kadp_2 </ci>
                  </apply>
                </apply>
              </apply>
            </apply>
          </math>
                  <listOfParameters>
            <parameter id="Vmax_2" metaid="_989073" value="236.7"/>
            <parameter id="Kglc_2" metaid="_989085" value="0.08"/>
            <parameter id="Katp_2" metaid="_989097" value="0.15"/>
            <parameter id="Keq_2" metaid="_989109" value="2000"/>
            <parameter id="Kg6p_2" metaid="_989121" value="30"/>
            <parameter id="Kadp_2" metaid="_989133" value="0.23"/>
          </listOfParameters>
        </kineticLaw>
      </reaction>
      <reaction id="PGI" name="phosphoglucose isomerase" metaid="metaid_0000031">
        <annotation>
          <rdf:RDF xmlns:rdf="http://www.w3.org/1999/02/22-rdf-syntax-ns#" xmlns:bqmodel="http://biomodels.net/model-qualifiers/" xmlns:bqbiol="http://biomodels.net/biology-qualifiers/">
            <rdf:Description rdf:about="#metaid_0000031">
              <bqbiol:is>
                <rdf:Bag>
                  <rdf:li rdf:resource="urn:miriam:kegg.reaction:R00771"/>
                </rdf:Bag>
              </bqbiol:is>
              <bqbiol:isVersionOf>
                <rdf:Bag>
                  <rdf:li rdf:resource="urn:miriam:ec-code:5.3.1.9"/>
                  <rdf:li rdf:resource="urn:miriam:obo.go:GO%3A0004347"/>
                </rdf:Bag>
              </bqbiol:isVersionOf>
            </rdf:Description>
          </rdf:RDF>
        </annotation>
              <listOfReactants>
          <speciesReference species="G6P" metaid="_989145"/>
        </listOfReactants>
        <listOfProducts>
          <speciesReference species="F6P" metaid="_989157"/>
        </listOfProducts>
        <kineticLaw metaid="_989169">
          <math xmlns="http://www.w3.org/1998/Math/MathML">          
            <apply>
              <divide/>
              <apply>
                <times/>
                <ci> cell </ci>
                <ci> Vmax_3 </ci>
                <apply>
                  <minus/>
                  <apply>
                    <divide/>
                    <ci> G6P </ci>
                    <ci> Kg6p_3 </ci>
                  </apply>
                  <apply>
                    <divide/>
                    <ci> F6P </ci>
                    <apply>
                      <times/>
                      <ci> Kg6p_3 </ci>
                      <ci> Keq_3 </ci>
                    </apply>
                  </apply>
                </apply>
              </apply>
              <apply>
                <plus/>
                <cn type="integer"> 1 </cn>
                <apply>
                  <divide/>
                  <ci> G6P </ci>
                  <ci> Kg6p_3 </ci>
                </apply>
                <apply>
                  <divide/>
                  <ci> F6P </ci>
                  <ci> Kf6p_3 </ci>
                </apply>
              </apply>
            </apply>
          </math>
                  <listOfParameters>
            <parameter id="Vmax_3" metaid="_989181" value="1056"/>
            <parameter id="Kg6p_3" metaid="_989193" value="1.4"/>
            <parameter id="Keq_3" metaid="_989205" value="0.29"/>
            <parameter id="Kf6p_3" metaid="_989217" value="0.3"/>
          </listOfParameters>
        </kineticLaw>
      </reaction>
      <reaction id="PFK" name="phosphofructosekinase" metaid="metaid_0000032" reversible="false">
        <annotation>
          <rdf:RDF xmlns:rdf="http://www.w3.org/1999/02/22-rdf-syntax-ns#" xmlns:bqmodel="http://biomodels.net/model-qualifiers/" xmlns:bqbiol="http://biomodels.net/biology-qualifiers/">
            <rdf:Description rdf:about="#metaid_0000032">
              <bqbiol:isVersionOf>
                <rdf:Bag>
                  <rdf:li rdf:resource="urn:miriam:ec-code:2.7.1.11"/>
                  <rdf:li rdf:resource="urn:miriam:obo.go:GO%3A0003872"/>
                </rdf:Bag>
              </bqbiol:isVersionOf>
              <bqbiol:is>
                <rdf:Bag>
                  <rdf:li rdf:resource="urn:miriam:kegg.reaction:R00756"/>
                </rdf:Bag>
              </bqbiol:is>
            </rdf:Description>
          </rdf:RDF>
        </annotation>
              <listOfReactants>
          <speciesReference species="ATP" metaid="_989229"/>
          <speciesReference species="F6P" metaid="_989241"/>
        </listOfReactants>
        <listOfProducts>
          <speciesReference species="ADP" metaid="_989253"/>
          <speciesReference species="F16bP" metaid="_989265"/>
        </listOfProducts>
        <listOfModifiers>
          <modifierSpeciesReference species="AMP" metaid="_989277"/>
          <modifierSpeciesReference species="F26bP" metaid="_989289"/>
        </listOfModifiers>
        <kineticLaw metaid="_989301">
          <math xmlns="http://www.w3.org/1998/Math/MathML">          
            <apply>
              <times/>
              <ci> cell </ci>
              <ci> Vmax_4 </ci>
              <apply>
                <divide/>
                <apply>
                  <times/>
                  <ci> gR_4 </ci>
                  <apply>
                    <divide/>
                    <ci> F6P </ci>
                    <ci> Kf6p_4 </ci>
                  </apply>
                  <apply>
                    <divide/>
                    <ci> ATP </ci>
                    <ci> Katp_4 </ci>
                  </apply>
                  <apply>
                    <plus/>
                    <cn type="integer"> 1 </cn>
                    <apply>
                      <divide/>
                      <ci> F6P </ci>
                      <ci> Kf6p_4 </ci>
                    </apply>
                    <apply>
                      <divide/>
                      <ci> ATP </ci>
                      <ci> Katp_4 </ci>
                    </apply>
                    <apply>
                      <divide/>
                      <apply>
                        <times/>
                        <apply>
                          <divide/>
                          <apply>
                            <times/>
                            <ci> gR_4 </ci>
                            <ci> F6P </ci>
                          </apply>
                          <ci> Kf6p_4 </ci>
                        </apply>
                        <ci> ATP </ci>
                      </apply>
                      <ci> Katp_4 </ci>
                    </apply>
                  </apply>
                </apply>
                <apply>
                  <plus/>
                  <apply>
                    <power/>
                    <apply>
                      <plus/>
                      <cn type="integer"> 1 </cn>
                      <apply>
                        <divide/>
                        <ci> F6P </ci>
                        <ci> Kf6p_4 </ci>
                      </apply>
                      <apply>
                        <divide/>
                        <ci> ATP </ci>
                        <ci> Katp_4 </ci>
                      </apply>
                      <apply>
                        <divide/>
                        <apply>
                          <times/>
                          <apply>
                            <divide/>
                            <apply>
                              <times/>
                              <ci> gR_4 </ci>
                              <ci> F6P </ci>
                            </apply>
                            <ci> Kf6p_4 </ci>
                          </apply>
                          <ci> ATP </ci>
                        </apply>
                        <ci> Katp_4 </ci>
                      </apply>
                    </apply>
                    <cn type="integer"> 2 </cn>
                  </apply>
                  <apply>
                    <times/>
                    <ci> L0_4 </ci>
                    <apply>
                      <power/>
                      <apply>
                        <divide/>
                        <apply>
                          <plus/>
                          <cn type="integer"> 1 </cn>
                          <apply>
                            <divide/>
                            <apply>
                              <times/>
                              <ci> Ciatp_4 </ci>
                              <ci> ATP </ci>
                            </apply>
                            <ci> Kiatp_4 </ci>
                          </apply>
                        </apply>
                        <apply>
                          <plus/>
                          <cn type="integer"> 1 </cn>
                          <apply>
                            <divide/>
                            <ci> ATP </ci>
                            <ci> Kiatp_4 </ci>
                          </apply>
                        </apply>
                      </apply>
                      <cn type="integer"> 2 </cn>
                    </apply>
                    <apply>
                      <power/>
                      <apply>
                        <divide/>
                        <apply>
                          <plus/>
                          <cn type="integer"> 1 </cn>
                          <apply>
                            <divide/>
                            <apply>
                              <times/>
                              <ci> Camp_4 </ci>
                              <ci> AMP </ci>
                            </apply>
                            <ci> Kamp_4 </ci>
                          </apply>
                        </apply>
                        <apply>
                          <plus/>
                          <cn type="integer"> 1 </cn>
                          <apply>
                            <divide/>
                            <ci> AMP </ci>
                            <ci> Kamp_4 </ci>
                          </apply>
                        </apply>
                      </apply>
                      <cn type="integer"> 2 </cn>
                    </apply>
                    <apply>
                      <power/>
                      <apply>
                        <divide/>
                        <apply>
                          <plus/>
                          <cn type="integer"> 1 </cn>
                          <apply>
                            <divide/>
                            <apply>
                              <times/>
                              <ci> Cf26_4 </ci>
                              <ci> F26bP </ci>
                            </apply>
                            <ci> Kf26_4 </ci>
                          </apply>
                          <apply>
                            <divide/>
                            <apply>
                              <times/>
                              <ci> Cf16_4 </ci>
                              <ci> F16bP </ci>
                            </apply>
                            <ci> Kf16_4 </ci>
                          </apply>
                        </apply>
                        <apply>
                          <plus/>
                          <cn type="integer"> 1 </cn>
                          <apply>
                            <divide/>
                            <ci> F26bP </ci>
                            <ci> Kf26_4 </ci>
                          </apply>
                          <apply>
                            <divide/>
                            <ci> F16bP </ci>
                            <ci> Kf16_4 </ci>
                          </apply>
                        </apply>
                      </apply>
                      <cn type="integer"> 2 </cn>
                    </apply>
                    <apply>
                      <power/>
                      <apply>
                        <plus/>
                        <cn type="integer"> 1 </cn>
                        <apply>
                          <divide/>
                          <apply>
                            <times/>
                            <ci> Catp_4 </ci>
                            <ci> ATP </ci>
                          </apply>
                          <ci> Katp_4 </ci>
                        </apply>
                      </apply>
                      <cn type="integer"> 2 </cn>
                    </apply>
                  </apply>
                </apply>
              </apply>
            </apply>
          </math>
                  <listOfParameters>
            <parameter id="Vmax_4" metaid="_989313" value="110"/>
            <parameter id="gR_4" metaid="_989325" value="5.12"/>
            <parameter id="Kf6p_4" metaid="_989337" value="0.1"/>
            <parameter id="Katp_4" metaid="_989349" value="0.71"/>
            <parameter id="L0_4" metaid="_989361" value="0.66"/>
            <parameter id="Ciatp_4" metaid="_989373" value="100"/>
            <parameter id="Kiatp_4" metaid="_989385" value="0.65"/>
            <parameter id="Camp_4" metaid="_989397" value="0.0845"/>
            <parameter id="Kamp_4" metaid="_989409" value="0.0995"/>
            <parameter id="Cf26_4" metaid="_989421" value="0.0174"/>
            <parameter id="Kf26_4" metaid="_989433" value="0.000682"/>
            <parameter id="Cf16_4" metaid="_989445" value="0.397"/>
            <parameter id="Kf16_4" metaid="_989457" value="0.111"/>
            <parameter id="Catp_4" metaid="_989470" value="3"/>
          </listOfParameters>
        </kineticLaw>
      </reaction>
      <reaction id="ALD" name="fructosebisphosphate aldolase" metaid="metaid_0000033">
        <annotation>
          <rdf:RDF xmlns:rdf="http://www.w3.org/1999/02/22-rdf-syntax-ns#" xmlns:bqmodel="http://biomodels.net/model-qualifiers/" xmlns:bqbiol="http://biomodels.net/biology-qualifiers/">
            <rdf:Description rdf:about="#metaid_0000033">
              <bqbiol:is>
                <rdf:Bag>
                  <rdf:li rdf:resource="urn:miriam:kegg.reaction:R01068"/>
                </rdf:Bag>
              </bqbiol:is>
              <bqbiol:isVersionOf>
                <rdf:Bag>
                  <rdf:li rdf:resource="urn:miriam:ec-code:4.1.2.13"/>
                  <rdf:li rdf:resource="urn:miriam:obo.go:GO%3A0004332"/>
                </rdf:Bag>
              </bqbiol:isVersionOf>
            </rdf:Description>
          </rdf:RDF>
        </annotation>
              <listOfReactants>
          <speciesReference species="F16bP" metaid="_989482"/>
        </listOfReactants>
        <listOfProducts>
          <speciesReference species="DHAP" metaid="_989494"/>
          <speciesReference species="GAP" metaid="_989506"/>
        </listOfProducts>
        <kineticLaw metaid="_989518">
          <math xmlns="http://www.w3.org/1998/Math/MathML">          
            <apply>
              <divide/>
              <apply>
                <times/>
                <ci> cell </ci>
                <ci> Vmax_5 </ci>
                <apply>
                  <minus/>
                  <apply>
                    <divide/>
                    <ci> F16bP </ci>
                    <ci> Kf16bp_5 </ci>
                  </apply>
                  <apply>
                    <divide/>
                    <apply>
                      <times/>
                      <ci> DHAP </ci>
                      <ci> GAP </ci>
                    </apply>
                    <apply>
                      <times/>
                      <ci> Kf16bp_5 </ci>
                      <ci> Keq_5 </ci>
                    </apply>
                  </apply>
                </apply>
              </apply>
              <apply>
                <plus/>
                <cn type="integer"> 1 </cn>
                <apply>
                  <divide/>
                  <ci> F16bP </ci>
                  <ci> Kf16bp_5 </ci>
                </apply>
                <apply>
                  <divide/>
                  <ci> DHAP </ci>
                  <ci> Kdhap_5 </ci>
                </apply>
                <apply>
                  <divide/>
                  <ci> GAP </ci>
                  <ci> Kgap_5 </ci>
                </apply>
                <apply>
                  <divide/>
                  <apply>
                    <times/>
                    <ci> F16bP </ci>
                    <ci> GAP </ci>
                  </apply>
                  <apply>
                    <times/>
                    <ci> Kf16bp_5 </ci>
                    <ci> Kigap_5 </ci>
                  </apply>
                </apply>
                <apply>
                  <divide/>
                  <apply>
                    <times/>
                    <ci> DHAP </ci>
                    <ci> GAP </ci>
                  </apply>
                  <apply>
                    <times/>
                    <ci> Kdhap_5 </ci>
                    <ci> Kgap_5 </ci>
                  </apply>
                </apply>
              </apply>
            </apply>
          </math>
                  <listOfParameters>
            <parameter id="Vmax_5" metaid="_989530" value="94.69"/>
            <parameter id="Kf16bp_5" metaid="_989542" value="0.3"/>
            <parameter id="Keq_5" metaid="_989554" value="0.069"/>
            <parameter id="Kdhap_5" metaid="_989566" value="2"/>
            <parameter id="Kgap_5" metaid="_989578" value="2.4"/>
            <parameter id="Kigap_5" metaid="_989590" value="10"/>
          </listOfParameters>
        </kineticLaw>
      </reaction>
      <reaction id="TPI" name="triosephosphate isomerase" metaid="metaid_0000034">
        <annotation>
          <rdf:RDF xmlns:rdf="http://www.w3.org/1999/02/22-rdf-syntax-ns#" xmlns:bqmodel="http://biomodels.net/model-qualifiers/" xmlns:bqbiol="http://biomodels.net/biology-qualifiers/">
            <rdf:Description rdf:about="#metaid_0000034">
              <bqbiol:is>
                <rdf:Bag>
                  <rdf:li rdf:resource="urn:miriam:kegg.reaction:R01015"/>
                </rdf:Bag>
              </bqbiol:is>
              <bqbiol:isVersionOf>
                <rdf:Bag>
                  <rdf:li rdf:resource="urn:miriam:ec-code:5.3.1.1"/>
                  <rdf:li rdf:resource="urn:miriam:obo.go:GO%3A0004807"/>
                </rdf:Bag>
              </bqbiol:isVersionOf>
            </rdf:Description>
          </rdf:RDF>
        </annotation>
              <listOfReactants>
          <speciesReference species="DHAP" metaid="_989602"/>
        </listOfReactants>
        <listOfProducts>
          <speciesReference species="GAP" metaid="_989614"/>
        </listOfProducts>
        <kineticLaw metaid="_989626">
          <math xmlns="http://www.w3.org/1998/Math/MathML">          
            <apply>
              <times/>
              <ci> cell </ci>
              <apply>
                <minus/>
                <apply>
                  <times/>
                  <ci> k1_6 </ci>
                  <ci> DHAP </ci>
                </apply>
                <apply>
                  <times/>
                  <ci> k2_6 </ci>
                  <ci> GAP </ci>
                </apply>
              </apply>
            </apply>
          </math>
                  <listOfParameters>
            <parameter id="k1_6" metaid="_989638" value="450000"/>
            <parameter id="k2_6" metaid="_989650" value="10000000"/>
          </listOfParameters>
        </kineticLaw>
      </reaction>
      <reaction id="GAPDH" name="glyceraldehyde phosphate dehydrogenase" metaid="metaid_0000035">
        <annotation>
          <rdf:RDF xmlns:rdf="http://www.w3.org/1999/02/22-rdf-syntax-ns#" xmlns:bqmodel="http://biomodels.net/model-qualifiers/" xmlns:bqbiol="http://biomodels.net/biology-qualifiers/">
            <rdf:Description rdf:about="#metaid_0000035">
              <bqbiol:is>
                <rdf:Bag>
                  <rdf:li rdf:resource="urn:miriam:kegg.reaction:R01061"/>
                </rdf:Bag>
              </bqbiol:is>
              <bqbiol:isVersionOf>
                <rdf:Bag>
                  <rdf:li rdf:resource="urn:miriam:ec-code:1.2.1.12"/>
                  <rdf:li rdf:resource="urn:miriam:obo.go:GO%3A0004365"/>
                </rdf:Bag>
              </bqbiol:isVersionOf>
            </rdf:Description>
          </rdf:RDF>
        </annotation>
              <listOfReactants>
          <speciesReference species="GAP" metaid="_989662"/>
          <speciesReference species="NAD" metaid="_989674"/>
        </listOfReactants>
        <listOfProducts>
          <speciesReference species="BPG" metaid="_989686"/>
          <speciesReference species="NADH" metaid="_989698"/>
        </listOfProducts>
        <kineticLaw metaid="_989710">
          <math xmlns="http://www.w3.org/1998/Math/MathML">          
            <apply>
              <divide/>
              <apply>
                <times/>
                <ci> cell </ci>
                <ci> C_7 </ci>
                <apply>
                  <minus/>
                  <apply>
                    <divide/>
                    <apply>
                      <times/>
                      <ci> Vmaxf_7 </ci>
                      <ci> GAP </ci>
                      <ci> NAD </ci>
                    </apply>
                    <apply>
                      <times/>
                      <ci> Kgap_7 </ci>
                      <ci> Knad_7 </ci>
                    </apply>
                  </apply>
                  <apply>
                    <divide/>
                    <apply>
                      <times/>
                      <ci> Vmaxr_7 </ci>
                      <ci> BPG </ci>
                      <ci> NADH </ci>
                    </apply>
                    <apply>
                      <times/>
                      <ci> Kbpg_7 </ci>
                      <ci> Knadh_7 </ci>
                    </apply>
                  </apply>
                </apply>
              </apply>
              <apply>
                <times/>
                <apply>
                  <plus/>
                  <cn type="integer"> 1 </cn>
                  <apply>
                    <divide/>
                    <ci> GAP </ci>
                    <ci> Kgap_7 </ci>
                  </apply>
                  <apply>
                    <divide/>
                    <ci> BPG </ci>
                    <ci> Kbpg_7 </ci>
                  </apply>
                </apply>
                <apply>
                  <plus/>
                  <cn type="integer"> 1 </cn>
                  <apply>
                    <divide/>
                    <ci> NAD </ci>
                    <ci> Knad_7 </ci>
                  </apply>
                  <apply>
                    <divide/>
                    <ci> NADH </ci>
                    <ci> Knadh_7 </ci>
                  </apply>
                </apply>
              </apply>
            </apply>
          </math>
                  <listOfParameters>
            <parameter id="C_7" metaid="_989722" value="1"/>
            <parameter id="Vmaxf_7" metaid="_989734" value="1152"/>
            <parameter id="Kgap_7" metaid="_989746" value="0.21"/>
            <parameter id="Knad_7" metaid="_989758" value="0.09"/>
            <parameter id="Vmaxr_7" metaid="_989770" value="6719"/>
            <parameter id="Kbpg_7" metaid="_989782" value="0.0098"/>
            <parameter id="Knadh_7" metaid="_989794" value="0.06"/>
          </listOfParameters>
        </kineticLaw>
      </reaction>
      <reaction id="PGK" name="3-phosphoglycerate kinase" metaid="metaid_0000036">
        <annotation>
          <rdf:RDF xmlns:rdf="http://www.w3.org/1999/02/22-rdf-syntax-ns#" xmlns:bqmodel="http://biomodels.net/model-qualifiers/" xmlns:bqbiol="http://biomodels.net/biology-qualifiers/">
            <rdf:Description rdf:about="#metaid_0000036">
              <bqbiol:is>
                <rdf:Bag>
                  <rdf:li rdf:resource="urn:miriam:kegg.reaction:R01512"/>
                </rdf:Bag>
              </bqbiol:is>
              <bqbiol:isVersionOf>
                <rdf:Bag>
                  <rdf:li rdf:resource="urn:miriam:ec-code:2.7.2.3"/>
                  <rdf:li rdf:resource="urn:miriam:obo.go:GO%3A0004618"/>
                </rdf:Bag>
              </bqbiol:isVersionOf>
            </rdf:Description>
          </rdf:RDF>
        </annotation>
              <listOfReactants>
          <speciesReference species="ADP" metaid="_989806"/>
          <speciesReference species="BPG" metaid="_989818"/>
        </listOfReactants>
        <listOfProducts>
          <speciesReference species="ATP" metaid="_989830"/>
          <speciesReference species="P3G" metaid="_989842"/>
        </listOfProducts>
        <kineticLaw metaid="_989854">
          <math xmlns="http://www.w3.org/1998/Math/MathML">          
            <apply>
              <divide/>
              <apply>
                <times/>
                <ci> cell </ci>
                <ci> Vmax_8 </ci>
                <apply>
                  <divide/>
                  <apply>
                    <minus/>
                    <apply>
                      <times/>
                      <ci> Keq_8 </ci>
                      <ci> BPG </ci>
                      <ci> ADP </ci>
                    </apply>
                    <apply>
                      <times/>
                      <ci> P3G </ci>
                      <ci> ATP </ci>
                    </apply>
                  </apply>
                  <apply>
                    <times/>
                    <ci> Kp3g_8 </ci>
                    <ci> Katp_8 </ci>
                  </apply>
                </apply>
              </apply>
              <apply>
                <times/>
                <apply>
                  <plus/>
                  <cn type="integer"> 1 </cn>
                  <apply>
                    <divide/>
                    <ci> BPG </ci>
                    <ci> Kbpg_8 </ci>
                  </apply>
                  <apply>
                    <divide/>
                    <ci> P3G </ci>
                    <ci> Kp3g_8 </ci>
                  </apply>
                </apply>
                <apply>
                  <plus/>
                  <cn type="integer"> 1 </cn>
                  <apply>
                    <divide/>
                    <ci> ADP </ci>
                    <ci> Kadp_8 </ci>
                  </apply>
                  <apply>
                    <divide/>
                    <ci> ATP </ci>
                    <ci> Katp_8 </ci>
                  </apply>
                </apply>
              </apply>
            </apply>
          </math>
                  <listOfParameters>
            <parameter id="Vmax_8" metaid="_989866" value="1288"/>
            <parameter id="Keq_8" metaid="_989878" value="3200"/>
            <parameter id="Kp3g_8" metaid="_989890" value="0.53"/>
            <parameter id="Katp_8" metaid="_989903" value="0.3"/>
            <parameter id="Kbpg_8" metaid="_989915" value="0.003"/>
            <parameter id="Kadp_8" metaid="_989927" value="0.2"/>
          </listOfParameters>
        </kineticLaw>
      </reaction>
      <reaction id="PGM" name="phosphoglyceromutase" metaid="metaid_0000037">
        <annotation>
          <rdf:RDF xmlns:rdf="http://www.w3.org/1999/02/22-rdf-syntax-ns#" xmlns:bqmodel="http://biomodels.net/model-qualifiers/" xmlns:bqbiol="http://biomodels.net/biology-qualifiers/">
            <rdf:Description rdf:about="#metaid_0000037">
              <bqbiol:isVersionOf>
                <rdf:Bag>
                  <rdf:li rdf:resource="urn:miriam:ec-code:5.4.2.1"/>
                  <rdf:li rdf:resource="urn:miriam:obo.go:GO%3A0004619"/>
                </rdf:Bag>
              </bqbiol:isVersionOf>
              <bqbiol:is>
                <rdf:Bag>
                  <rdf:li rdf:resource="urn:miriam:kegg.reaction:R01518"/>
                </rdf:Bag>
              </bqbiol:is>
            </rdf:Description>
          </rdf:RDF>
        </annotation>
              <listOfReactants>
          <speciesReference species="P3G" metaid="_989939"/>
        </listOfReactants>
        <listOfProducts>
          <speciesReference species="P2G" metaid="_989951"/>
        </listOfProducts>
        <kineticLaw metaid="_989963">
          <math xmlns="http://www.w3.org/1998/Math/MathML">          
            <apply>
              <divide/>
              <apply>
                <times/>
                <ci> cell </ci>
                <ci> Vmax_9 </ci>
                <apply>
                  <minus/>
                  <apply>
                    <divide/>
                    <ci> P3G </ci>
                    <ci> Kp3g_9 </ci>
                  </apply>
                  <apply>
                    <divide/>
                    <ci> P2G </ci>
                    <apply>
                      <times/>
                      <ci> Kp3g_9 </ci>
                      <ci> Keq_9 </ci>
                    </apply>
                  </apply>
                </apply>
              </apply>
              <apply>
                <plus/>
                <cn type="integer"> 1 </cn>
                <apply>
                  <divide/>
                  <ci> P3G </ci>
                  <ci> Kp3g_9 </ci>
                </apply>
                <apply>
                  <divide/>
                  <ci> P2G </ci>
                  <ci> Kp2g_9 </ci>
                </apply>
              </apply>
            </apply>
          </math>
                  <listOfParameters>
            <parameter id="Vmax_9" metaid="_989975" value="2585"/>
            <parameter id="Kp3g_9" metaid="_989987" value="1.2"/>
            <parameter id="Keq_9" metaid="_989999" value="0.19"/>
            <parameter id="Kp2g_9" metaid="_990011" value="0.08"/>
          </listOfParameters>
        </kineticLaw>
      </reaction>
      <reaction id="ENO" name="enolase" metaid="metaid_0000038">
        <annotation>
          <rdf:RDF xmlns:rdf="http://www.w3.org/1999/02/22-rdf-syntax-ns#" xmlns:bqmodel="http://biomodels.net/model-qualifiers/" xmlns:bqbiol="http://biomodels.net/biology-qualifiers/">
            <rdf:Description rdf:about="#metaid_0000038">
              <bqbiol:is>
                <rdf:Bag>
                  <rdf:li rdf:resource="urn:miriam:kegg.reaction:R00658"/>
                </rdf:Bag>
              </bqbiol:is>
              <bqbiol:isVersionOf>
                <rdf:Bag>
                  <rdf:li rdf:resource="urn:miriam:ec-code:4.2.1.11"/>
                  <rdf:li rdf:resource="urn:miriam:obo.go:GO%3A0004634"/>
                </rdf:Bag>
              </bqbiol:isVersionOf>
            </rdf:Description>
          </rdf:RDF>
        </annotation>
              <listOfReactants>
          <speciesReference species="P2G" metaid="_990023"/>
        </listOfReactants>
        <listOfProducts>
          <speciesReference species="PEP" metaid="_990035"/>
        </listOfProducts>
        <kineticLaw metaid="_990047">
          <math xmlns="http://www.w3.org/1998/Math/MathML">          
            <apply>
              <divide/>
              <apply>
                <times/>
                <ci> cell </ci>
                <ci> Vmax_10 </ci>
                <apply>
                  <minus/>
                  <apply>
                    <divide/>
                    <ci> P2G </ci>
                    <ci> Kp2g_10 </ci>
                  </apply>
                  <apply>
                    <divide/>
                    <ci> PEP </ci>
                    <apply>
                      <times/>
                      <ci> Kp2g_10 </ci>
                      <ci> Keq_10 </ci>
                    </apply>
                  </apply>
                </apply>
              </apply>
              <apply>
                <plus/>
                <cn type="integer"> 1 </cn>
                <apply>
                  <divide/>
                  <ci> P2G </ci>
                  <ci> Kp2g_10 </ci>
                </apply>
                <apply>
                  <divide/>
                  <ci> PEP </ci>
                  <ci> Kpep_10 </ci>
                </apply>
              </apply>
            </apply>
          </math>
                  <listOfParameters>
            <parameter id="Vmax_10" metaid="_990059" value="201.6"/>
            <parameter id="Kp2g_10" metaid="_990071" value="0.04"/>
            <parameter id="Keq_10" metaid="_990084" value="6.7"/>
            <parameter id="Kpep_10" metaid="_990096" value="0.5"/>
          </listOfParameters>
        </kineticLaw>
      </reaction>
      <reaction id="PYK" name="pyruvate kinase" metaid="metaid_0000039">
        <annotation>
          <rdf:RDF xmlns:rdf="http://www.w3.org/1999/02/22-rdf-syntax-ns#" xmlns:bqmodel="http://biomodels.net/model-qualifiers/" xmlns:bqbiol="http://biomodels.net/biology-qualifiers/">
            <rdf:Description rdf:about="#metaid_0000039">
              <bqbiol:is>
                <rdf:Bag>
                  <rdf:li rdf:resource="urn:miriam:kegg.reaction:R00200"/>
                </rdf:Bag>
              </bqbiol:is>
              <bqbiol:isVersionOf>
                <rdf:Bag>
                  <rdf:li rdf:resource="urn:miriam:ec-code:2.7.1.40"/>
                  <rdf:li rdf:resource="urn:miriam:obo.go:GO%3A0004743"/>
                </rdf:Bag>
              </bqbiol:isVersionOf>
            </rdf:Description>
          </rdf:RDF>
        </annotation>
              <listOfReactants>
          <speciesReference species="ADP" metaid="_990108"/>
          <speciesReference species="PEP" metaid="_990120"/>
        </listOfReactants>
        <listOfProducts>
          <speciesReference species="ATP" metaid="_990132"/>
          <speciesReference species="PYR" metaid="_990144"/>
        </listOfProducts>
        <kineticLaw metaid="_990156">
          <math xmlns="http://www.w3.org/1998/Math/MathML">          
            <apply>
              <divide/>
              <apply>
                <times/>
                <ci> cell </ci>
                <ci> Vmax_11 </ci>
                <apply>
                  <minus/>
                  <apply>
                    <divide/>
                    <apply>
                      <times/>
                      <ci> PEP </ci>
                      <ci> ADP </ci>
                    </apply>
                    <apply>
                      <times/>
                      <ci> Kpep_11 </ci>
                      <ci> Kadp_11 </ci>
                    </apply>
                  </apply>
                  <apply>
                    <divide/>
                    <apply>
                      <times/>
                      <ci> PYR </ci>
                      <ci> ATP </ci>
                    </apply>
                    <apply>
                      <times/>
                      <ci> Kpep_11 </ci>
                      <ci> Kadp_11 </ci>
                      <ci> Keq_11 </ci>
                    </apply>
                  </apply>
                </apply>
              </apply>
              <apply>
                <times/>
                <apply>
                  <plus/>
                  <cn type="integer"> 1 </cn>
                  <apply>
                    <divide/>
                    <ci> PEP </ci>
                    <ci> Kpep_11 </ci>
                  </apply>
                  <apply>
                    <divide/>
                    <ci> PYR </ci>
                    <ci> Kpyr_11 </ci>
                  </apply>
                </apply>
                <apply>
                  <plus/>
                  <cn type="integer"> 1 </cn>
                  <apply>
                    <divide/>
                    <ci> ADP </ci>
                    <ci> Kadp_11 </ci>
                  </apply>
                  <apply>
                    <divide/>
                    <ci> ATP </ci>
                    <ci> Katp_11 </ci>
                  </apply>
                </apply>
              </apply>
            </apply>
          </math>
                  <listOfParameters>
            <parameter id="Vmax_11" metaid="_990168" value="1000"/>
            <parameter id="Kpep_11" metaid="_990180" value="0.14"/>
            <parameter id="Kadp_11" metaid="_990192" value="0.53"/>
            <parameter id="Keq_11" metaid="_990204" value="6500"/>
            <parameter id="Kpyr_11" metaid="_990216" value="21"/>
            <parameter id="Katp_11" metaid="_990228" value="1.5"/>
          </listOfParameters>
        </kineticLaw>
      </reaction>
      <reaction id="PDC" name="pyruvate decarboxylase" metaid="metaid_0000040" reversible="false">
        <annotation>
          <rdf:RDF xmlns:rdf="http://www.w3.org/1999/02/22-rdf-syntax-ns#" xmlns:bqmodel="http://biomodels.net/model-qualifiers/" xmlns:bqbiol="http://biomodels.net/biology-qualifiers/">
            <rdf:Description rdf:about="#metaid_0000040">
              <bqbiol:is>
                <rdf:Bag>
                  <rdf:li rdf:resource="urn:miriam:kegg.reaction:R00636"/>
                </rdf:Bag>
              </bqbiol:is>
              <bqbiol:isVersionOf>
                <rdf:Bag>
                  <rdf:li rdf:resource="urn:miriam:ec-code:4.1.1.1"/>
                  <rdf:li rdf:resource="urn:miriam:obo.go:GO%3A0004737"/>
                </rdf:Bag>
              </bqbiol:isVersionOf>
            </rdf:Description>
          </rdf:RDF>
        </annotation>
              <listOfReactants>
          <speciesReference species="PYR" metaid="_990240"/>
        </listOfReactants>
        <listOfProducts>
          <speciesReference species="AcAld" metaid="_990252"/>
          <speciesReference species="CO2" metaid="_990264"/>
        </listOfProducts>
        <kineticLaw metaid="_990276">
          <math xmlns="http://www.w3.org/1998/Math/MathML">          
            <apply>
              <divide/>
              <apply>
                <times/>
                <ci> cell </ci>
                <ci> Vmax_12 </ci>
                <apply>
                  <power/>
                  <apply>
                    <divide/>
                    <ci> PYR </ci>
                    <ci> Kpyr_12 </ci>
                  </apply>
                  <ci> nH_12 </ci>
                </apply>
              </apply>
              <apply>
                <plus/>
                <cn type="integer"> 1 </cn>
                <apply>
                  <power/>
                  <apply>
                    <divide/>
                    <ci> PYR </ci>
                    <ci> Kpyr_12 </ci>
                  </apply>
                  <ci> nH_12 </ci>
                </apply>
              </apply>
            </apply>
          </math>
                  <listOfParameters>
            <parameter id="Vmax_12" metaid="_990288" value="857.8"/>
            <parameter id="Kpyr_12" metaid="_990300" value="4.33"/>
            <parameter id="nH_12" metaid="_990312" value="1.9"/>
          </listOfParameters>
        </kineticLaw>
      </reaction>
      <reaction id="ADH" name="alcohol dehydrogenase" metaid="metaid_0000041">
        <annotation>
          <rdf:RDF xmlns:rdf="http://www.w3.org/1999/02/22-rdf-syntax-ns#" xmlns:bqmodel="http://biomodels.net/model-qualifiers/" xmlns:bqbiol="http://biomodels.net/biology-qualifiers/">
            <rdf:Description rdf:about="#metaid_0000041">
              <bqbiol:is>
                <rdf:Bag>
                  <rdf:li rdf:resource="urn:miriam:kegg.reaction:R00754"/>
                </rdf:Bag>
              </bqbiol:is>
              <bqbiol:isVersionOf>
                <rdf:Bag>
                  <rdf:li rdf:resource="urn:miriam:ec-code:1.1.1.1"/>
                  <rdf:li rdf:resource="urn:miriam:obo.go:GO%3A0004022"/>
                </rdf:Bag>
              </bqbiol:isVersionOf>
            </rdf:Description>
          </rdf:RDF>
        </annotation>
              <listOfReactants>
          <speciesReference species="NAD" metaid="_990324"/>
          <speciesReference species="EtOH" metaid="_990336"/>
        </listOfReactants>
        <listOfProducts>
          <speciesReference species="NADH" metaid="_990348"/>
          <speciesReference species="AcAld" metaid="_990360"/>
        </listOfProducts>
        <kineticLaw metaid="_990372">
          <math xmlns="http://www.w3.org/1998/Math/MathML">          
            <apply>
              <divide/>
              <apply>
                <times/>
                <ci> cell </ci>
                <ci> Vmax_13 </ci>
                <apply>
                  <minus/>
                  <apply>
                    <divide/>
                    <apply>
                      <times/>
                      <ci> EtOH </ci>
                      <ci> NAD </ci>
                    </apply>
                    <apply>
                      <times/>
                      <ci> Ketoh_13 </ci>
                      <ci> Kinad_13 </ci>
                    </apply>
                  </apply>
                  <apply>
                    <divide/>
                    <apply>
                      <times/>
                      <ci> AcAld </ci>
                      <ci> NADH </ci>
                    </apply>
                    <apply>
                      <times/>
                      <ci> Ketoh_13 </ci>
                      <ci> Kinad_13 </ci>
                      <ci> Keq_13 </ci>
                    </apply>
                  </apply>
                </apply>
              </apply>
              <apply>
                <plus/>
                <cn type="integer"> 1 </cn>
                <apply>
                  <divide/>
                  <ci> NAD </ci>
                  <ci> Kinad_13 </ci>
                </apply>
                <apply>
                  <divide/>
                  <apply>
                    <times/>
                    <ci> EtOH </ci>
                    <ci> Knad_13 </ci>
                  </apply>
                  <apply>
                    <times/>
                    <ci> Kinad_13 </ci>
                    <ci> Ketoh_13 </ci>
                  </apply>
                </apply>
                <apply>
                  <divide/>
                  <apply>
                    <times/>
                    <ci> AcAld </ci>
                    <ci> Knadh_13 </ci>
                  </apply>
                  <apply>
                    <times/>
                    <ci> Kinadh_13 </ci>
                    <ci> Kacald_13 </ci>
                  </apply>
                </apply>
                <apply>
                  <divide/>
                  <ci> NADH </ci>
                  <ci> Kinadh_13 </ci>
                </apply>
                <apply>
                  <divide/>
                  <apply>
                    <times/>
                    <ci> EtOH </ci>
                    <ci> NAD </ci>
                  </apply>
                  <apply>
                    <times/>
                    <ci> Kinad_13 </ci>
                    <ci> Ketoh_13 </ci>
                  </apply>
                </apply>
                <apply>
                  <divide/>
                  <apply>
                    <times/>
                    <ci> NAD </ci>
                    <ci> AcAld </ci>
                    <ci> Knadh_13 </ci>
                  </apply>
                  <apply>
                    <times/>
                    <ci> Kinad_13 </ci>
                    <ci> Kinadh_13 </ci>
                    <ci> Kacald_13 </ci>
                  </apply>
                </apply>
                <apply>
                  <divide/>
                  <apply>
                    <times/>
                    <ci> EtOH </ci>
                    <ci> NADH </ci>
                    <ci> Knad_13 </ci>
                  </apply>
                  <apply>
                    <times/>
                    <ci> Kinad_13 </ci>
                    <ci> Kinadh_13 </ci>
                    <ci> Ketoh_13 </ci>
                  </apply>
                </apply>
                <apply>
                  <divide/>
                  <apply>
                    <times/>
                    <ci> AcAld </ci>
                    <ci> NADH </ci>
                  </apply>
                  <apply>
                    <times/>
                    <ci> Kacald_13 </ci>
                    <ci> Kinadh_13 </ci>
                  </apply>
                </apply>
                <apply>
                  <divide/>
                  <apply>
                    <times/>
                    <ci> EtOH </ci>
                    <ci> NAD </ci>
                    <ci> AcAld </ci>
                  </apply>
                  <apply>
                    <times/>
                    <ci> Kinad_13 </ci>
                    <ci> Kiacald_13 </ci>
                    <ci> Ketoh_13 </ci>
                  </apply>
                </apply>
                <apply>
                  <divide/>
                  <apply>
                    <times/>
                    <ci> EtOH </ci>
                    <ci> AcAld </ci>
                    <ci> NADH </ci>
                  </apply>
                  <apply>
                    <times/>
                    <ci> Kietoh_13 </ci>
                    <ci> Kinadh_13 </ci>
                    <ci> Kacald_13 </ci>
                  </apply>
                </apply>
              </apply>
            </apply>
          </math>
                  <listOfParameters>
            <parameter id="Vmax_13" metaid="_990384" value="209.5"/>
            <parameter id="Ketoh_13" metaid="_990396" value="17"/>
            <parameter id="Kinad_13" metaid="_990408" value="0.92"/>
            <parameter id="Keq_13" metaid="_990420" value="6.9E-5"/>
            <parameter id="Knad_13" metaid="_990432" value="0.17"/>
            <parameter id="Knadh_13" metaid="_990444" value="0.11"/>
            <parameter id="Kinadh_13" metaid="_990456" value="0.031"/>
            <parameter id="Kacald_13" metaid="_990468" value="1.11"/>
            <parameter id="Kiacald_13" metaid="_990480" value="1.1"/>
            <parameter id="Kietoh_13" metaid="_990492" value="90"/>
          </listOfParameters>
        </kineticLaw>
      </reaction>
      <reaction id="ATPase" metaid="metaid_0000042" reversible="false">
        <annotation>
          <rdf:RDF xmlns:rdf="http://www.w3.org/1999/02/22-rdf-syntax-ns#" xmlns:bqmodel="http://biomodels.net/model-qualifiers/" xmlns:bqbiol="http://biomodels.net/biology-qualifiers/">
            <rdf:Description rdf:about="#metaid_0000042">
              <bqbiol:isVersionOf>
                <rdf:Bag>
                  <rdf:li rdf:resource="urn:miriam:obo.go:GO%3A0016887"/>
                </rdf:Bag>
              </bqbiol:isVersionOf>
            </rdf:Description>
          </rdf:RDF>
        </annotation>
              <listOfReactants>
          <speciesReference species="ATP" metaid="_990505"/>
        </listOfReactants>
        <listOfProducts>
          <speciesReference species="ADP" metaid="_990517"/>
        </listOfProducts>
        <kineticLaw metaid="_990530">
          <math xmlns="http://www.w3.org/1998/Math/MathML">          
            <apply>
              <times/>
              <ci> cell </ci>
              <ci> Katpase_14 </ci>
              <ci> ATP </ci>
            </apply>
          </math>
                  <listOfParameters>
            <parameter id="Katpase_14" metaid="_990542" value="39.5"/>
          </listOfParameters>
        </kineticLaw>
      </reaction>
      <reaction id="AK" metaid="metaid_0000043">
        <annotation>
          <rdf:RDF xmlns:rdf="http://www.w3.org/1999/02/22-rdf-syntax-ns#" xmlns:bqmodel="http://biomodels.net/model-qualifiers/" xmlns:bqbiol="http://biomodels.net/biology-qualifiers/">
            <rdf:Description rdf:about="#metaid_0000043">
              <bqbiol:isVersionOf>
                <rdf:Bag>
                  <rdf:li rdf:resource="urn:miriam:ec-code:2.7.4.3"/>
                  <rdf:li rdf:resource="urn:miriam:obo.go:GO%3A0004017"/>
                </rdf:Bag>
              </bqbiol:isVersionOf>
              <bqbiol:is>
                <rdf:Bag>
                  <rdf:li rdf:resource="urn:miriam:kegg.reaction:R00127"/>
                </rdf:Bag>
              </bqbiol:is>
            </rdf:Description>
          </rdf:RDF>
        </annotation>
              <listOfReactants>
          <speciesReference species="ADP" metaid="_990554" stoichiometry="2"/>
        </listOfReactants>
        <listOfProducts>
          <speciesReference species="ATP" metaid="_990566"/>
          <speciesReference species="AMP" metaid="_990578"/>
        </listOfProducts>
        <kineticLaw metaid="_990590">
          <math xmlns="http://www.w3.org/1998/Math/MathML">          
            <apply>
              <times/>
              <ci> cell </ci>
              <apply>
                <minus/>
                <apply>
                  <times/>
                  <ci> k1_15 </ci>
                  <ci> ADP </ci>
                  <ci> ADP </ci>
                </apply>
                <apply>
                  <times/>
                  <ci> k2_15 </ci>
                  <ci> ATP </ci>
                  <ci> AMP </ci>
                </apply>
              </apply>
            </apply>
          </math>
                  <listOfParameters>
            <parameter id="k1_15" metaid="_990602" value="45"/>
            <parameter id="k2_15" metaid="_990614" value="100"/>
          </listOfParameters>
        </kineticLaw>
      </reaction>
      <reaction id="G3PDH" name="glycerol-3-phosphate dehydrogenase" metaid="metaid_0000044" reversible="false">
        <annotation>
          <rdf:RDF xmlns:rdf="http://www.w3.org/1999/02/22-rdf-syntax-ns#" xmlns:bqmodel="http://biomodels.net/model-qualifiers/" xmlns:bqbiol="http://biomodels.net/biology-qualifiers/">
            <rdf:Description rdf:about="#metaid_0000044">
              <bqbiol:hasPart>
                <rdf:Bag>
                  <rdf:li rdf:resource="urn:miriam:kegg.reaction:R00842"/>
                  <rdf:li rdf:resource="urn:miriam:kegg.reaction:R07298"/>
                </rdf:Bag>
              </bqbiol:hasPart>
              <bqbiol:hasVersion>
                <rdf:Bag>
                  <rdf:li rdf:resource="urn:miriam:ec-code:3.1.3.21"/>
                  <rdf:li rdf:resource="urn:miriam:ec-code:1.1.1.8"/>
                </rdf:Bag>
              </bqbiol:hasVersion>
              <bqbiol:isVersionOf>
                <rdf:Bag>
                  <rdf:li rdf:resource="urn:miriam:obo.go:GO%3A0006114"/>
                </rdf:Bag>
              </bqbiol:isVersionOf>
            </rdf:Description>
          </rdf:RDF>
        </annotation>
              <listOfReactants>
          <speciesReference species="DHAP" metaid="_990626"/>
          <speciesReference species="NADH" metaid="_990638"/>
        </listOfReactants>
        <listOfProducts>
          <speciesReference species="NAD" metaid="_990650"/>
          <speciesReference species="Glycerol" metaid="_990662"/>
        </listOfProducts>
        <kineticLaw metaid="_990674">
          <math xmlns="http://www.w3.org/1998/Math/MathML">          
            <apply>
              <divide/>
              <apply>
                <times/>
                <ci> cell </ci>
                <ci> Vmax_16 </ci>
                <apply>
                  <minus/>
                  <apply>
                    <times/>
                    <apply>
                      <divide/>
                      <ci> DHAP </ci>
                      <ci> Kdhap_16 </ci>
                    </apply>
                    <apply>
                      <divide/>
                      <ci> NADH </ci>
                      <ci> Knadh_16 </ci>
                    </apply>
                  </apply>
                  <apply>
                    <times/>
                    <apply>
                      <divide/>
                      <ci> Glycerol </ci>
                      <ci> Kdhap_16 </ci>
                    </apply>
                    <apply>
                      <divide/>
                      <ci> NAD </ci>
                      <ci> Knadh_16 </ci>
                    </apply>
                    <apply>
                      <divide/>
                      <cn type="integer"> 1 </cn>
                      <ci> Keq_16 </ci>
                    </apply>
                  </apply>
                </apply>
              </apply>
              <apply>
                <times/>
                <apply>
                  <plus/>
                  <cn type="integer"> 1 </cn>
                  <apply>
                    <divide/>
                    <ci> DHAP </ci>
                    <ci> Kdhap_16 </ci>
                  </apply>
                  <apply>
                    <divide/>
                    <ci> Glycerol </ci>
                    <ci> Kglycerol_16 </ci>
                  </apply>
                </apply>
                <apply>
                  <plus/>
                  <cn type="integer"> 1 </cn>
                  <apply>
                    <divide/>
                    <ci> NADH </ci>
                    <ci> Knadh_16 </ci>
                  </apply>
                  <apply>
                    <divide/>
                    <ci> NAD </ci>
                    <ci> Knad_16 </ci>
                  </apply>
                </apply>
              </apply>
            </apply>
          </math>
                  <listOfParameters>
            <parameter id="Vmax_16" metaid="_990686" value="47.11"/>
            <parameter id="Kdhap_16" metaid="_990699" value="0.4"/>
            <parameter id="Knadh_16" metaid="_990711" value="0.023"/>
            <parameter id="Keq_16" metaid="_990723" value="4300"/>
            <parameter id="Kglycerol_16" metaid="_990735" value="1"/>
            <parameter id="Knad_16" metaid="_990747" value="0.93"/>
          </listOfParameters>
        </kineticLaw>
      </reaction>
      <reaction id="Glycogen_Branch" name="Glycogen_Branch" metaid="metaid_0000045" reversible="false">
        <annotation>
          <rdf:RDF xmlns:rdf="http://www.w3.org/1999/02/22-rdf-syntax-ns#" xmlns:bqmodel="http://biomodels.net/model-qualifiers/" xmlns:bqbiol="http://biomodels.net/biology-qualifiers/">
            <rdf:Description rdf:about="#metaid_0000045">
              <bqbiol:isVersionOf>
                <rdf:Bag>
                  <rdf:li rdf:resource="urn:miriam:obo.go:GO%3A0005978"/>
                </rdf:Bag>
              </bqbiol:isVersionOf>
            </rdf:Description>
          </rdf:RDF>
        </annotation>
              <listOfReactants>
          <speciesReference species="ATP" metaid="_990759"/>
          <speciesReference species="G6P" metaid="_990771"/>
        </listOfReactants>
        <listOfProducts>
          <speciesReference species="ADP" metaid="_990783"/>
          <speciesReference species="Glycogen" metaid="_990795"/>
        </listOfProducts>
        <kineticLaw metaid="_990807">
          <math xmlns="http://www.w3.org/1998/Math/MathML">          
            <apply>
              <times/>
              <ci> cell </ci>
              <ci> KGLYCOGEN_17 </ci>
            </apply>
          </math>
                  <listOfParameters>
            <parameter id="KGLYCOGEN_17" metaid="_990819" value="6"/>
          </listOfParameters>
        </kineticLaw>
      </reaction>
      <reaction id="Trehalose_Branch" name="Trehalose_Branch" metaid="metaid_0000046" reversible="false">
        <annotation>
          <rdf:RDF xmlns:rdf="http://www.w3.org/1999/02/22-rdf-syntax-ns#" xmlns:bqmodel="http://biomodels.net/model-qualifiers/" xmlns:bqbiol="http://biomodels.net/biology-qualifiers/">
            <rdf:Description rdf:about="#metaid_0000046">
              <bqbiol:isVersionOf>
                <rdf:Bag>
                  <rdf:li rdf:resource="urn:miriam:obo.go:GO%3A0005992"/>
                </rdf:Bag>
              </bqbiol:isVersionOf>
            </rdf:Description>
          </rdf:RDF>
        </annotation>
              <listOfReactants>
          <speciesReference species="ATP" metaid="_990831"/>
          <speciesReference species="G6P" metaid="_990843" stoichiometry="2"/>
        </listOfReactants>
        <listOfProducts>
          <speciesReference species="ADP" metaid="_990855"/>
          <speciesReference species="Trehalose" metaid="_990868"/>
        </listOfProducts>
        <kineticLaw metaid="_990880">
          <math xmlns="http://www.w3.org/1998/Math/MathML">          
            <apply>
              <times/>
              <ci> cell </ci>
              <ci> Ktrehalose_18 </ci>
            </apply>
          </math>
                  <listOfParameters>
            <parameter id="Ktrehalose_18" metaid="_990892" value="2.4"/>
          </listOfParameters>
        </kineticLaw>
      </reaction>
      <reaction id="Succinate_Branch" name="Succinate_Branch" metaid="metaid_0000047" reversible="false">
        <annotation>
          <rdf:RDF xmlns:rdf="http://www.w3.org/1999/02/22-rdf-syntax-ns#" xmlns:bqmodel="http://biomodels.net/model-qualifiers/" xmlns:bqbiol="http://biomodels.net/biology-qualifiers/">
            <rdf:Description rdf:about="#metaid_0000047">
              <bqbiol:isVersionOf>
                <rdf:Bag>
                  <rdf:li rdf:resource="urn:miriam:obo.go:GO%3A0006105"/>
                </rdf:Bag>
              </bqbiol:isVersionOf>
            </rdf:Description>
          </rdf:RDF>
        </annotation>
              <listOfReactants>
          <speciesReference species="NAD" metaid="_990904" stoichiometry="3"/>
          <speciesReference species="AcAld" metaid="_990916" stoichiometry="2"/>
        </listOfReactants>
        <listOfProducts>
          <speciesReference species="NADH" metaid="_990928" stoichiometry="3"/>
          <speciesReference species="Succinate" metaid="_990940"/>
        </listOfProducts>
        <kineticLaw metaid="_990952">
          <math xmlns="http://www.w3.org/1998/Math/MathML">          
            <apply>
              <times/>
              <ci> cell </ci>
              <ci> k_19 </ci>
              <ci> AcAld </ci>
            </apply>
          </math>
                  <listOfParameters>
            <parameter id="k_19" metaid="_990964" value="21.4"/>
          </listOfParameters>
        </kineticLaw>
      </reaction>
    </listOfReactions>
  </model>
</sbml>
